Água Micelar  Rever C;Fluído;Biomarine;F;2025-11-25;
Água Micelar  Rever C;Fluído;Biomarine;F;2025-11-25;
Água Micelar;Fluído;Loreal;F;2025-09-25;
Água Micelar;Fluído;Loreal;F;2025-09-25;
Água Micelar;Fluído;Loreal;F;2025-09-25;
Água Micelar;Fluído;Loreal;F;2025-09-25;
Água Termal;Fluído;Extratos da Terra;F/C;2025-12-25;
Água Termal;Fluído;Extratos da Terra;F/C;2025-12-25;
Água Termal;Fluído;Extratos da Terra;F/C;2025-12-25;
Água Termal;Fluído;Extratos da Terra;F/C;2025-12-25;
Aguagel;Gel;Bel Col;F;2025-08-25;
Aguagel;Gel;Bel Col;F;2025-08-25;
Aguagel;Gel;Bel Col;F;2025-08-25;
Aguagel;Gel;Bel Col;F;2025-08-25;
Argila Verde;Pó;Extratos da Terra;F/C;2025-02-25;
Argila Verde;Pó;Extratos da Terra;F/C;2025-02-25;
Argila Verde;Pó;Extratos da Terra;F/C;2025-02-25;
Argila Verde;Pó;Extratos da Terra;C;2025-02-25;
Argila Vermelha;Pó;Demare;F/C;2025-07-25;
Bio Plastic Máscara Hidroplástica;Pó;Bel Col;F;2025-05-25;
Bio Plastic Máscara Hidroplástica;Pó;Bel Col;F;2025-05-25;
Bio-Acne Solution Toner;Fluído;Bioage;F;2025-01-25;
Bio-Sun Protect Clareador;Gel-creme;Bioage;F;2025-07-25;
Bio-Sun Protect Vit C;Gel-creme;Bioage;F;2025-08-25;
Bruma Themal;Fluído;Samana;F;2025-10-25;
Bruma Themal;Fluído;Samana;F;2025-10-25;
Bruma Themal;Fluído;Samana;F;2025-10-25;
Bruma Themal;Fluído;Samana;F;2025-10-25;
Bruma Themal;Fluído;Samana;F;2025-10-25;
Bruma Themal;Fluído;Samana;F;2025-10-25;
Bumbum Tantan - Creme;Creme;Lakma;C;2025-07-25;
Bumbum Tantan - Creme;Creme;Lakma;C;2025-07-25;
Bumbum Tantan - Esfoliante;Gel;Lakma;C;2025-07-25;
Bumbum Tantan - Esfoliante;Gel;Lakma;C;2025-07-25;
Bumbum Tantan - Esfoliante;Gel;Lakma;C;2025-07-25;
Clareador Corporal - SOS;Fluído;Bel Col;C;2025-07-25;
Clareador Corporal - SOS;Fluído;Bel Col;C;2025-07-25;
Clareador Corporal - SOS;Fluído;Bel Col;C;2025-07-25;
Clareador Corporal - SOS;Fluído;Bel Col;C;2025-07-25;
Clareador Corporal - SOS;Fluído;Bel Col;C;2025-07-25;
Clareador Corporal - SOS;Fluído;Bel Col;C;2025-07-25;
Clareador Corporal - SOS;Fluído;Bel Col;C;2025-07-25;
Clareador Corporal - SOS;Fluído;Bel Col;C;2025-07-25;
Clareador Corporal - SOS;Fluído;Bel Col;C;2025-07-25;
Clareador Corporal - SOS;Fluído;Bel Col;C;2025-07-25;
Clareador Corporal - SOS;Fluído;Bel Col;C;2025-07-25;
Clareador Corporal - SOS;Fluído;Bel Col;C;2025-07-25;
Clareador Corporal - SOS;Fluído;Bel Col;C;2025-07-25;
Clareador Corporal - SOS;Fluído;Bel Col;C;2025-07-25;
Clareador Corporal - SOS;Fluído;Bel Col;C;2025-07-25;
Clareador Corporal - SOS;Fluído;Bel Col;C;2025-07-25;
Clareador Corporal - SOS;Fluído;Bel Col;C;2025-07-25;
Clareador Corporal - SOS;Fluído;Bel Col;C;2025-07-25;
Cloreto de Sódio (Soro 9%);Fluído;Equiplex;F/C;2025-03-25;
Cloreto de Sódio (Soro 9%);Fluído;Equiplex;F/C;2025-03-25;
Cloreto de Sódio (Soro 9%);Fluído;Equiplex;F/C;2025-03-25;
Cloreto de Sódio (Soro 9%);Fluído;Equiplex;F/C;2025-03-25;
Cloreto de Sódio (Soro 9%);Fluído;Equiplex;F/C;2025-03-25;
Cloreto de Sódio (Soro 9%);Fluído;Equiplex;F/C;2025-03-25;
Cloreto de Sódio (Soro 9%);Fluído;Equiplex;F/C;2025-03-25;
Cloreto de Sódio (Soro 9%);Fluído;Equiplex;F/C;2025-03-25;
Cloreto de Sódio (Soro 9%);Fluído;Equiplex;F/C;2025-03-25;
Cloreto de Sódio (Soro 9%);Fluído;Equiplex;F/C;2025-03-25;
Cloreto de Sódio (Soro 9%);Fluído;Equiplex;F/C;2025-03-25;
Cloreto de Sódio (Soro 9%);Fluído;Equiplex;F/C;2025-03-25;
Cloreto de Sódio (Soro 9%);Fluído;Equiplex;F/C;2025-03-25;
Cloreto de Sódio (Soro 9%);Fluído;Equiplex;F/C;2025-03-25;
Cloreto de Sódio (Soro 9%);Fluído;Equiplex;F/C;2025-03-25;
Cloreto de Sódio (Soro 9%);Fluído;Equiplex;F/C;2025-03-25;
Cloreto de Sódio (Soro 9%);Fluído;Equiplex;F/C;2025-03-25;
Cloreto de Sódio (Soro 9%);Fluído;Equiplex;F/C;2025-03-25;
Cloreto de Sódio (Soro 9%);Fluído;Equiplex;F/C;2025-03-25;
Cloreto de Sódio (Soro 9%);Fluído;Equiplex;F/C;2025-03-25;
Cloreto de Sódio (Soro 9%);Fluído;Equiplex;F/C;2025-03-25;
Cloreto de Sódio (Soro 9%);Fluído;Equiplex;F/C;2025-03-25;
Cloreto de Sódio (Soro 9%);Fluído;Equiplex;F/C;2025-03-25;
Cloreto de Sódio (Soro 9%);Fluído;Equiplex;F/C;2025-03-25;
Cloreto de Sódio (Soro 9%);Fluído;Equiplex;F/C;2025-03-25;
Cloreto de Sódio (Soro 9%);Fluído;Samtec;F/C;2025-03-25;
Cloreto de Sódio (Soro 9%);Fluído;Samtec;F/C;2025-03-25;
Cloreto de Sódio (Soro 9%);Fluído;Samtec;F/C;2025-03-25;
Cloreto de Sódio (Soro 9%);Fluído;Samtec;F/C;2025-03-25;
Cloreto de Sódio (Soro 9%);Fluído;Samtec;F/C;2025-03-25;
Colágeno 1;Fluído;Bel Col;F/C;2025-05-25;
Colágeno 1;Fluído;Bel Col;F/C;2025-05-25;
Colágeno 1;Fluído;Bel Col;F/C;2025-05-25;
Colágeno 1;Fluído;Bel Col;F/C;2025-05-25;
Colágeno 2;Fluído;Bel Col;F/C;2025-10-25;
Colágeno 2;Fluído;Bel Col;F/C;2025-10-25;
Colágeno 2;Fluído;Bel Col;F/C;2025-10-25;
Colágeno 3;Fluído;Bel Col;F/C;2025-10-25;
Colágeno 3;Fluído;Bel Col;F/C;2025-10-25;
Colágeno 3;Fluído;Bel Col;F/C;2025-10-25;
Creme de Massagem Anticelulite SlimC;Creme;Bel Col;C;2025-11-25;
Creme de Massagem Anticelulite SlimC;Creme;Bel Col;C;2025-11-25;
Creme de Massagem Anticelulite SlimC;Creme;Bel Col;C;2025-11-25;
Creme de Massagem Anticelulite SlimC;Creme;Bel Col;C;2025-11-25;
Creme de Massagem Anticelulite SlimC;Creme;Bel Col;C;2025-11-25;
Creme de Massagem Corporal;Creme;Flér;C;2025-11-25;
Creme de massagem facial;Creme;Bel Col;F;2025-10-25;
Creme de massagem facial;Creme;Bel Col;F;2025-10-25;
Creme de massagem facial;Creme;Bel Col;F;2025-10-25;
Creme de massagem facial;Creme;Bel Col;F;2025-10-25;
Creme de Massagem Lipotérmico - Guaraná-café;Creme;Extratos da Terra;C;2025-04-25;
Creme de Massagem Lipotérmico - Guaraná-café;Creme;Extratos da Terra;C;2025-04-25;
Creme de Massagem Lipotérmico - Vitta Hipemerim;Creme;Extratos da Terra;C;2025-01-25;
Creme de Massagem Lipotérmico - Vitta Hipemerim;Creme;Extratos da Terra;C;2025-01-25;
Creme de Massagem Lipotérmico - Vitta Hipemerim;Creme;Extratos da Terra;C;2025-01-25;
Creme de Massagem Lipotérmico - Vitta Hipemerim;Creme;Extratos da Terra;C;2025-01-25;
Creme de Massagem Ozonizado;Creme;Lakma;C;2025-11-25;
Creme Hidrante (Kit fios de Seda);Creme;Bioage;F;2025-02-25;
Creme Hidrante (Kit fios de Seda);Creme;Bioage;F;2025-09-25;
Creme Hidrante (Kit fios de Seda);Creme;Bioage;F;2025-09-25;
Creme Hidratante - Mãos e Pés;Creme;DAgua Natural;C;2025-07-25;
Creme Neutro de Massagem Corporal;Creme;Extratos da Terra;C;2025-02-01;
Creme para Drenagem Linfática - Liporedux;Creme;Bioage;C;2025-08-25;
Creme para Drenagem Linfática - Liporedux;Creme;Bioage;C;2025-08-25;
Emoliente com Trietanolamina;Creme;Bel Col;F;2025-05-25;
Emoliente com Trietanolamina;Creme;Bel Col;F;2025-05-25;
Emoliente com Trietanolamina;Fluído;Bioage;F;2025-11-25;
Esfoliante - Exfo;Gel;Bel Col;C;2025-11-25;
Esfoliante - Exfo;Gel;Bel Col;C;2025-11-25;
Esfoliante com Semente de Apricot;Gel;Bel Col;F;2025-11-25;
Esfoliante com Semente de Apricot;Gel;Bel Col;F;2025-11-25;
Esfoliante com Semente de Apricot;Gel;Bel Col;F;2025-11-25;
Esfoliante com Semente de Apricot;Gel;Bel Col;F;2025-11-25;
Esfoliante Químico Belmend;Fluído;Bel Col;F;2025-10-25;
Fios de Seda (Kit fios de Seda);Fio;Bioage;F;2025-03-25;
Firm Flaccid Nano Fluido Remineralizante;Fluído;Tulípia;F/C;2025-02-25;
Firm Flaccid Nano Fluido Remineralizante;Fluído;Tulípia;F/C;2025-02-25;
Flacidez Corporal - SOS;Fluído;Bel Col;C;2025-09-25;
Flacidez Corporal - SOS;Fluído;Bel Col;C;2025-09-25;
Flacidez Corporal - SOS;Fluído;Bel Col;C;2025-09-25;
Flacidez Corporal - SOS;Fluído;Bel Col;C;2025-09-25;
Flacidez Corporal - SOS;Fluído;Bel Col;C;2025-09-25;
Flacidez Corporal - SOS;Fluído;Bel Col;C;2025-09-25;
Flacidez Corporal - SOS;Fluído;Bel Col;C;2025-09-25;
Flacidez Corporal - SOS;Fluído;Bel Col;C;2025-09-25;
Flacidez Corporal - SOS;Fluído;Bel Col;C;2025-09-25;
Flacidez Corporal - SOS;Fluído;Bel Col;C;2025-09-25;
Flacidez Corporal - SOS;Fluído;Bel Col;C;2025-09-25;
Flacidez Corporal - SOS;Fluído;Bel Col;C;2025-09-25;
Flacidez Corporal - SOS;Fluído;Bel Col;C;2025-09-25;
Flacidez Corporal - SOS;Fluído;Bel Col;C;2025-09-25;
Flacidez Corporal - SOS;Fluído;Bel Col;C;2025-09-25;
Flacidez Corporal - SOS;Fluído;Bel Col;C;2025-09-25;
Flacidez Corporal - SOS;Fluído;Bel Col;C;2025-09-25;
Flacidez Corporal - SOS;Fluído;Bel Col;C;2025-09-25;
Flacidez Corporal - SOS;Fluído;Bel Col;C;2025-09-25;
Gel de Limpeza;Gel;Mezzo;F;2025-10-25;
Gel de Limpeza;Gel;Mezzo;F;2025-10-25;
Gel de Limpeza;Gel;Mezzo;F;2025-10-25;
Gel esfoliante Apricot;Gel;Extratos da Terra;C;2025-02-25;
Gel esfoliante Apricot;Gel;Extratos da Terra;C;2025-02-25;
Gel esfoliante Apricot;Gel;Extratos da Terra;C;2025-02-25;
Gel esfoliante Apricot;Gel;Extratos da Terra;C;2025-02-25;
Gel esfoliante Apricot;Gel;Extratos da Terra;C;2025-02-25;
Gel Peeling (Kit área dos olhos);Gel;Bel Col;F;2025-08-25;
Gel Peeling (Kit área dos olhos);Gel;Bel Col;F;2025-08-25;
Gel Termoativado;Gel;Lakma;C;2025-12-25;
Glicólico Hyalu+Ca;Fluído;Mezzo;F;2025-09-25;
Gomagem Enzimática;Creme;Bel Col;F;2025-08-25;
Gomagem Enzimática;Creme;Bel Col;F;2025-08-25;
Gomagem Enzimática;Creme;Bel Col;F;2025-08-25;
Gordura e Celulite - SOS;Fluído;Bel Col;C;2025-08-25;
Gordura e Celulite - SOS;Fluído;Bel Col;C;2025-08-25;
Gordura e Celulite - SOS;Fluído;Bel Col;C;2025-08-25;
Gordura e Celulite - SOS;Fluído;Bel Col;C;2025-08-25;
Gordura e Celulite - SOS;Fluído;Bel Col;C;2025-08-25;
Gordura e Celulite - SOS;Fluído;Bel Col;C;2025-08-25;
Gordura e Celulite - SOS;Fluído;Bel Col;C;2025-08-25;
Gordura e Celulite - SOS;Fluído;Bel Col;C;2025-08-25;
Gordura e Celulite - SOS;Fluído;Bel Col;C;2025-08-25;
Gordura e Celulite - SOS;Fluído;Bel Col;C;2025-08-25;
Gordura e Celulite - SOS;Fluído;Bel Col;C;2025-08-25;
Gordura e Celulite - SOS;Fluído;Bel Col;C;2025-08-25;
Gordura e Celulite - SOS;Fluído;Bel Col;C;2025-08-25;
Gordura e Celulite - SOS;Fluído;Bel Col;C;2025-08-25;
Gordura e Celulite - SOS;Fluído;Bel Col;C;2025-08-25;
Gordura e Celulite - SOS;Fluído;Bel Col;C;2025-08-25;
Hidragel;Gel;Bel Col;F;2025-09-25;
Hidragel;Gel;Bel Col;F;2025-09-25;
Ion Corpe (Fluído Pré Procedimentos);Fluído;Bel Col;C;2025-05-25;
Leite de Limpeza Hidraclean;Leite;Bel Col;F;2025-09-25;
Leite de Limpeza Hidraclean;Leite;Bel Col;F;2025-09-25;
Leite de Limpeza Hidraclean;Leite;Bel Col;F;2025-09-25;
Leite de Limpeza Hidraclean;Leite;Bel Col;F;2025-09-25;
Leite de Limpeza Hidraclean;Leite;Bel Col;F;2025-09-25;
Liporedux Creme de Massagem Cafeína 24h;Creme;Bioage;C;2025-07-25;
Liporedux Creme de Massagem Firmador;Creme;Bioage;C;2025-05-25;
Liporedux Creme de Massagem Firmador;Creme;Bioage;C;2025-05-25;
Liporedux Cryogel Cafeína 24h;Gel;Bioage;C;2025-03-25;
Liporedux Cryogel Cafeína 24h;Gel;Bioage;C;2025-03-25;
Liporedux Cryogel Cafeína 24h;Gel;Bioage;C;2025-03-25;
Liporedux Termogel Cafeína;Gel;Bioage;C;2025-02-25;
Loção Facial (Kit fios de Seda);Fluído;Bioage;F;2025-05-25;
Loção Facial (Kit fios de Seda);Fluído;Bioage;F;2025-05-25;
Loção Facial (Kit fios de Seda);Fluído;Bioage;F;2025-05-25;
Loção Tônica Adstringente;Fluído;Lakma;F;2025-09-25;
Loção Tônica Facial Bio-Equilibre;Fluído;Dermare;F;2025-12-25;
Loção Tônica Facial Bio-Equilibre;Fluído;Dermare;F;2025-12-25;
Loção Tônica Facial Bio-Equilibre;Fluído;Dermare;F;2025-12-25;
Loção Tônica Suavizante Bio-clean System;Fluído;Bioage;F;2025-05-25;
Loção Tônica Suavizante Bio-clean System;Fluído;Bioage;F;2025-05-25;
Loção Tônica Suavizante Bio-clean System;Fluído;Bioage;F;2025-05-25;
Loção Tônica Suavizante Bio-clean System;Fluído;Bioage;F;2025-05-25;
Máscara Anti-aging (Kit área dos olhos);Creme;Bel Col;F;2025-09-25;
Máscara Anti-aging (Kit área dos olhos);Creme;Bel Col;F;2025-09-25;
Máscara Corporal Oclusiva - LipoRedux;Creme;Bioage;C;2025-04-25;
Máscara Corporal Oclusiva - LipoRedux;Creme;Bioage;C;2025-04-25;
Máscara Corporal Oclusiva - LipoRedux;Creme;Bioage;C;2025-04-25;
Máscara Corporal Oclusiva - LipoRedux;Creme;Bioage;C;2025-04-25;
Máscara Corporal Oclusiva - LipoRedux;Creme;Bioage;C;2025-04-25;
Máscara Corporal Oclusiva - LipoRedux;Creme;Bioage;C;2025-04-25;
Máscara de Argila e Colágeno;Pó;Tulípia;F/C;2025-10-25;
Máscara de Bambu Brasil;Creme;Bioage;F;2025-08-25;
Máscara de Bambu Brasil;Creme;Bioage;F;2025-08-25;
Máscara de Bambu Brasil;Creme;Bioage;F;2025-08-25;
Máscara de Bambu Brasil;Creme;Bioage;F;2025-08-25;
Máscara Detox;Creme;Extratos da Terra;C;2025-11-25;
Microsérum;Fluído;Bel Col;F;2025-05-25;
Microsérum;Fluído;Bel Col;F;2025-05-25;
Óleo de Massagem Corporal;Óleo;Raavi;C;2025-10-25;
Óleo Essencial Bergamota;Óleo;By Samia;F/C;2025-09-25;
Óleo Essencial Cedro;Óleo;By Samia;F/C;2025-06-25;
Óleo Essencial Cipreste;Óleo;By Samia;F/C;2025-02-25;
Óleo Essencial Manjerona;Óleo;By Samia;F/C;2025-03-25;
Óleo Essencial Tomilho;Óleo;By Samia;F/C;2025-08-25;
Peeling Enzimático 3 em 1;Gel;Bioage;C;2025-06-25;
Renova A - emulsão;Emulsão;Bel Col;F;2025-10-25;
Sabonete Bio-cleanser Antisseptic;Gel;Bioage;F;2025-06-25;
Sabonete Bio-cleanser Antisseptic;Gel;Bioage;F;2025-06-25;
Sabonete Bio-cleanser Antisseptic;Gel;Bioage;F;2025-06-25;
Sabonete Bio-cleanser Antisseptic;Gel;Bioage;F;2025-06-25;
Sabonete Bio-cleanser Antisseptic;Gel;Bioage;F;2025-06-25;
Sabonete Esfoliante Bio-cleanser Bambu Brasil;Gel;Bioage;F;2025-11-25;
Sabonete Gel Líquido;Gel;Bel Col;F;2025-04-25;
Sabonete Gel Líquido;Gel;Bel Col;F;2025-04-25;
Sabonete Gel Líquido;Gel;Bel Col;F;2025-04-25;
Sérum (Kit área dos olhos);Fluído;Bel Col;F;2025-08-25;
Solução Emoliente;Fluído;Dermare;F;2025-04-25;
Solução Emoliente;Fluído;Dermare;F;2025-04-25;
Solução Emoliente;Fluído;Dermare;F;2025-04-25;
Solução Emoliente;Fluído;Dermare;F;2025-04-25;
Stim Gel - Gel Hiperemiante;Gel;Bel Col;C;2025-03-25;
Stim Gel - Gel Hiperemiante;Gel;Bel Col;C;2025-03-25;
Tri-acne Secativo;Fluído;Bel Col;F;2025-03-25;
Ultra Gel (para ultrassom);Gel;Bel Col;C;2025-07-25;
Ultra Gel (para ultrassom);Gel;Bel Col;C;2025-07-25;
Ultra Gel (para ultrassom);Gel;Bel Col;C;2025-07-25;
Ultra Gel (para ultrassom);Gel;Bel Col;C;2025-07-25;
Ultra Gel (para ultrassom);Gel;Bel Col;C;2025-07-25;
Ultra Gel (para ultrassom);Gel;Bel Col;C;2025-07-25;
Ultralift (Kit papada);Creme;Bel Col;F/C;2025-03-25;