Biocomplex;Fluído;Lakma;F;2026-03-26;
Biocomplex;Fluído;Lakma;F;2026-03-26;
Exfopeeling;Creme;BelCol;F;2026-04-26;
Exfopeeling;Creme;BelCol;F;2026-04-26;
Hidraplast;Pó;BelCol;F;2026-03-26;
Hidraplast;Pó;BelCol;F;2026-03-26;
ProtetorDermoMelan;Fluído;Samana;F;2026-04-26;
GelEsfolianteCorporalOzonizado;Gel;Lakma;C;2026-03-26;
GelEsfolianteCorporalOzonizado;Gel;Lakma;C;2026-03-26;
GelEsfolianteCorporalOzonizado;Gel;Lakma;C;2026-03-26;
GelEsfolianteCorporalOzonizado;Gel;Lakma;C;2026-03-26;
GelEsfolianteCorporalOzonizado;Gel;Lakma;C;2026-03-26;
GelEsfolianteCorporalOzonizado;Gel;Lakma;C;2026-03-26;
CremedeMassagemOzonizado;Creme;Lakma;C;2026-01-26;
CremedeMassagemOzonizado;Creme;Lakma;C;2026-01-26;
CremedeMassagemOzonizado;Creme;Lakma;C;2026-01-26;
CremedeMassagemOzonizado;Creme;Lakma;C;2026-01-26;
CremeNeutrodeMassagem;Creme;Lakma;C;2026-02-26;
CremeNeutrodeMassagem;Creme;Lakma;C;2026-02-26;
CremeNeutrodeMassagem;Creme;Lakma;C;2026-02-26;
TermoSal(salparabandagem);Pó;BelCol;C;2026-09-26;
TermoSal(salparabandagem);Pó;BelCol;C;2026-09-26;
TermoSal(salparabandagem);Pó;BelCol;C;2026-09-26;
SplashOzônioemSpray;Spray;Lakma;C;2026-03-26;
SplashOzônioemSpray;Spray;Lakma;C;2026-03-26;
SplashOzônioemSpray;Spray;Lakma;C;2026-03-26;
SplashOzônioemSpray;Spray;Lakma;C;2026-03-26;
CremeNeutrodeMassagem(vegetal);Creme;ExtratosdaTerra;C;2026-02-26;
CremeNeutrodeMassagem(vegetal);Creme;ExtratosdaTerra;C;2026-02-26;
OilDermoActive(óleodemassagem);Óleo;ExtratosdaTerra;C;2026-01-26;
SprayHigienizante;Spray;Lakma;C;2026-01-26;
SprayHigienizante;Spray;Lakma;C;2026-01-26;
Bioativador;Fluído;Lakma;C;2026-04-26;
GelRedutor-CriolipolíticoVitta;Gel;ExtratosdaTerra;C;2026-02-26;
Liporedux-FluídoPotencializador;Fluído;Bioage;C;2026-08-24;
CremeparaGlúteos;Creme;Lakma;C;2026-02-26;
CremeparaMassagemFirmador;Creme;Lakma;C;2026-04-26;
EnzimaTransdérmicadeLipoplastia;Fluído;Lakma;C;2026-03-26;
PolpaTransdérmicadeLipoplastia;Creme;Lakma;C;2026-03-26;
CremeTransdérmicadeLipoplastia;Creme;Lakma;C;2026-02-26;
GelBioestimulante;Gel;Lakma;C;2026-01-26;
GelTermoativado;Gel;Lakma;C;2026-02-26;
GelTermoativado;Gel;Lakma;C;2026-02-26;
Primaveramask;Creme;Tulipia;F;2026-11-26;
Invernomask;Creme;Tulipia;F;2026-11-26;
verãomask;Creme;Tulipia;F;2026-08-26;
outonomask;Creme;Tulipia;F;2026-06-26;
CremepreenchedorHialux;Creme;Tulipia;F;2026-08-26;
CremepreenchedorHialux;Creme;Tulipia;F;2026-08-26;
Floratycremeemoliente;Creme;Tulipia;F;2026-11-26;
Floratycremeemoliente;Creme;Tulipia;F;2026-11-26;
Floratycremeemoliente;Creme;Tulipia;F;2026-11-26;
Chokolámascara;Creme;Tulipia;F;2026-09-26;
Chokolámascara;Creme;Tulipia;F;2026-09-26;
Marezimascarahidrocalmante;Gel;Tulipia;F;2026-11-25;
Marezimascarahidrocalmante;Gel;Tulipia;F;2026-01-03;
sabonteglico-renovadorblacksecret;fluido;Tulipia;F;2026-10-25;
soluçãopré-peelingblacksecret;fluido;Tulipia;F;2026-08-25;
Clareadorconcentradoblacksecret;fluido;Tulipia;F;2026-06-25;
Ultimatemascaradeouro;Creme;Tulipia;F;2026-09-26;
peelinggelfacial;Gel;Tulipia;F;2026-09-24;
